{"cameraMode":{"drawMode":0,"name":"Shaded","section":"Shading Mode"},"sceneLighting":false,"audioPlay":false,"sceneViewState":{"m_AlwaysRefresh":false,"showFog":true,"showSkybox":false,"showFlares":true,"showImageEffects":true,"showParticleSystems":true,"showVisualEffectGraphs":true,"m_FxEnabled":true},"in2DMode":false,"pivot":{"x":0.04894864559173584,"y":0.175263911485672,"z":0.049595773220062259},"rotation":{"x":0.05468723550438881,"y":0.8664135336875916,"z":-0.09735683351755142,"w":0.48668134212493899},"size":2.4306044578552248,"orthographic":false}