{"cameraMode":{"drawMode":0,"name":"Shaded","section":"Shading Mode"},"sceneLighting":false,"audioPlay":false,"sceneViewState":{"m_AlwaysRefresh":false,"showFog":true,"showSkybox":false,"showFlares":true,"showImageEffects":true,"showParticleSystems":true,"showVisualEffectGraphs":true,"m_FxEnabled":true},"in2DMode":false,"pivot":{"x":-0.6152322292327881,"y":0.7204781770706177,"z":-1.708030343055725},"rotation":{"x":0.0045205773785710339,"y":0.9949365258216858,"z":-0.08558552712202072,"w":0.05258180573582649},"size":3.092820167541504,"orthographic":false}